individual,Bd12,Ng10,Ng18,Ng20,Ng6,Ng7,Ng8
ind_1,2/2,1/1,4/4,1/1,2/2,0/0,2/2
ind_2,2/2,1/1,4/4,1/1,2/2,0/0,2/2
ind_3,2/2,1/1,3/3,1/1,2/2,2/2,2/2
ind_4,2/2,1/1,4/4,1/1,2/2,2/2,2/2
ind_5,2/2,1/1,4/4,1/1,2/2,2/2,2/2
ind_6,2/2,1/1,3/3,1/1,2/2,2/2,2/2
ind_7,2/2,1/1,4/4,1/1,2/2,4/4,2/2
ind_8,2/2,1/1,4/4,1/1,2/2,4/4,2/2
ind_9,2/2,1/1,3/3,1/1,2/2,2/2,2/2
ind_10,2/2,1/1,4/4,1/1,2/2,2/2,2/2
ind_11,2/2,1/1,4/4,1/1,2/2,2/2,2/2
ind_12,2/2,1/1,3/3,1/1,2/2,2/2,2/2
ind_13,2/2,1/1,3/3,1/1,2/2,2/2,2/2
ind_14,2/2,1/1,3/3,1/1,2/2,2/2,2/2
ind_15,2/2,1/1,3/3,1/1,2/2,2/2,2/2
ind_16,2/2,1/1,3/3,1/1,2/2,2/2,2/2
ind_17,2/2,1/1,4/4,1/1,2/2,2/2,2/2
ind_18,2/2,1/1,3/3,1/1,2/2,2/2,2/2
ind_19,2/2,1/1,3/3,1/1,2/2,2/2,2/2
ind_20,2/2,1/1,3/3,1/1,5/5,2/2,2/2
ind_21,2/2,1/1,3/3,1/1,2/2,4/4,2/2
ind_22,2/2,1/1,3/3,1/1,2/2,2/2,2/2
ind_23,2/2,1/1,3/3,1/1,2/2,4/4,2/2
ind_24,2/2,1/1,4/4,1/1,2/2,2/2,2/2
ind_25,2/2,1/1,4/4,1/1,4/4,8/8,2/2
ind_26,2/2,1/1,3/3,1/1,2/2,2/2,2/2
ind_27,2/2,1/1,4/4,1/1,2/2,2/2,2/2
ind_28,2/2,1/1,4/4,1/1,2/2,4/4,2/2
ind_29,2/2,1/1,3/3,1/1,2/2,2/2,2/2
ind_30,0/0,1/1,4/4,1/1,2/2,2/2,2/2
ind_31,2/2,1/1,3/3,1/1,2/2,4/4,2/2
ind_32,2/2,1/1,3/3,1/1,2/2,4/4,2/2
ind_33,2/2,1/1,3/3,1/1,2/2,2/2,2/2
ind_34,2/2,1/1,3/3,1/1,2/2,2/2,2/2
ind_35,2/2,1/1,3/3,1/1,2/2,2/2,2/2
ind_36,2/2,1/1,3/3,1/1,2/2,2/2,2/2
ind_37,2/2,1/1,3/3,2/2,4/4,2/2,2/2
ind_38,2/2,1/1,3/3,1/1,2/2,4/4,2/2
ind_39,2/2,1/1,3/3,1/1,2/2,2/2,2/2
ind_40,2/2,1/1,3/3,1/1,2/2,2/2,2/2
ind_41,1/1,1/1,1/1,1/1,3/3,3/3,1/1
ind_42,2/2,1/1,1/1,1/1,1/1,1/1,1/1
ind_43,3/3,1/1,1/1,1/1,3/3,1/1,1/1
ind_44,3/3,1/1,5/5,1/1,1/1,1/1,1/1
ind_45,1/1,1/1,1/1,1/1,3/3,1/1,1/1
ind_46,1/1,1/1,1/1,1/1,3/3,1/1,1/1
ind_47,2/2,1/1,1/1,1/1,3/3,1/1,1/1
ind_48,1/1,1/1,1/1,1/1,3/3,1/1,1/1
ind_49,2/2,1/1,1/1,1/1,3/3,1/1,1/1
ind_50,1/1,1/1,1/1,1/1,0/0,1/1,1/1
ind_51,1/1,1/1,1/1,1/1,3/3,1/1,1/1
ind_52,2/2,1/1,1/1,1/1,1/1,1/1,1/1
ind_53,1/1,1/1,1/1,1/1,3/3,3/3,1/1
ind_54,1/1,1/1,1/1,1/1,0/0,1/1,1/1
ind_55,1/1,1/1,1/1,1/1,1/1,1/1,1/1
ind_56,1/1,1/1,1/1,1/1,1/1,1/1,1/1
ind_57,1/1,1/1,1/1,1/1,3/3,1/1,1/1
ind_58,1/1,1/1,1/1,1/1,3/3,1/1,1/1
ind_59,1/1,1/1,1/1,1/1,3/3,1/1,1/1
ind_60,1/1,1/1,1/1,1/1,3/3,1/1,1/1
ind_61,1/1,1/1,1/1,1/1,3/3,1/1,1/1
ind_62,1/1,1/1,1/1,1/1,3/3,1/1,1/1
ind_63,1/1,1/1,1/1,1/1,0/0,1/1,1/1
ind_64,1/1,1/1,1/1,1/1,1/1,3/3,1/1
ind_65,1/1,1/1,1/1,1/1,3/3,1/1,1/1
ind_66,1/1,1/1,1/1,1/1,3/3,3/3,1/1
ind_67,2/2,1/1,1/1,1/1,1/1,1/1,1/1
ind_68,2/2,1/1,1/1,1/1,3/3,1/1,1/1
ind_69,1/1,1/1,1/1,1/1,1/1,1/1,1/1
ind_70,2/2,1/1,1/1,1/1,1/1,1/1,1/1
ind_71,2/2,1/1,1/1,1/1,3/3,1/1,1/1
ind_72,3/3,1/1,1/1,1/1,3/3,3/3,1/1
ind_73,3/3,1/1,1/1,1/1,3/3,1/1,1/1
ind_74,3/3,1/1,1/1,1/1,3/3,1/1,1/1
ind_75,1/1,1/1,1/1,1/1,3/3,1/1,1/1
ind_76,1/1,1/1,1/1,1/1,3/3,1/1,1/1
ind_77,1/1,1/1,1/1,1/1,3/3,1/1,1/1
ind_78,1/1,1/1,1/1,1/1,3/3,1/1,1/1
ind_79,1/1,2/2,2/2,1/1,1/1,3/3,1/1
ind_80,1/1,3/3,2/2,1/1,1/1,3/3,1/1
ind_81,1/1,2/2,2/2,1/1,1/1,5/5,1/1
ind_82,1/1,2/2,2/2,1/1,1/1,0/0,1/1
ind_83,3/3,2/2,2/2,1/1,1/1,3/3,1/1
ind_84,1/1,2/2,0/0,1/1,1/1,3/3,1/1
ind_85,1/1,2/2,6/6,1/1,1/1,3/3,1/1
ind_86,1/1,3/3,2/2,1/1,1/1,3/3,1/1
ind_87,1/1,2/2,2/2,1/1,1/1,0/0,1/1
ind_88,1/1,4/4,2/2,1/1,1/1,3/3,1/1
ind_89,2/2,2/2,2/2,1/1,1/1,3/3,1/1
ind_90,1/1,3/3,2/2,1/1,1/1,3/3,1/1
ind_91,2/2,2/2,2/2,1/1,1/1,3/3,1/1
ind_92,2/2,2/2,2/2,1/1,1/1,3/3,1/1
ind_93,1/1,2/2,2/2,1/1,1/1,3/3,1/1
ind_94,2/2,2/2,2/2,1/1,1/1,0/0,3/3
ind_95,1/1,2/2,2/2,1/1,1/1,3/3,1/1
ind_96,1/1,2/2,2/2,1/1,1/1,3/3,1/1
ind_97,3/3,4/4,2/2,3/3,1/1,3/3,1/1
ind_98,2/2,3/3,2/2,1/1,1/1,3/3,1/1
ind_99,1/1,3/3,2/2,1/1,1/1,3/3,1/1
ind_100,1/1,2/2,2/2,1/1,1/1,3/3,1/1
ind_101,1/1,3/3,2/2,1/1,1/1,3/3,1/1
ind_102,1/1,3/3,2/2,1/1,1/1,3/3,1/1
ind_103,2/2,3/3,2/2,1/1,1/1,3/3,1/1
ind_104,1/1,2/2,2/2,1/1,1/1,0/0,1/1
ind_105,1/1,0/0,2/2,1/1,1/1,3/3,1/1
ind_106,2/2,2/2,2/2,1/1,1/1,3/3,1/1
ind_107,1/1,2/2,2/2,1/1,1/1,3/3,1/1
ind_108,1/1,5/5,2/2,1/1,1/1,3/3,1/1
ind_109,0/0,2/2,2/2,1/1,1/1,3/3,1/1
ind_110,2/2,2/2,2/2,1/1,1/1,3/3,1/1
ind_111,0/0,2/2,2/2,1/1,1/1,3/3,1/1
ind_112,1/1,2/2,2/2,1/1,1/1,3/3,1/1
ind_113,1/1,2/2,2/2,1/1,1/1,3/3,1/1
ind_114,2/2,0/0,2/2,1/1,1/1,3/3,1/1
